"X","name","count"
1,"Miguel Angel",3063
2,"Carlos Alberto",3020
3,"Maria Del Carmen",2413
4,"Luis Alberto",2259
5,"Maria Celeste",2067
6,"Mateo",1995
7,"Candela",1915
8,"Victoria",1890
9,"Lucas Ezequiel",1835
10,"Catalina",1823
11,"Santiago",1771
12,"Graciela Noemi",1763
13,"Maria Alejandra",1616
14,"Gonzalo",1402
15,"Mario Alberto",1328
16,"Jorge Alberto",1308
17,"Matias",1288
18,"Jorge",1265
19,"Juan Ignacio",1231
20,"Luis Fernando",1213
21,"Roberto",1212
22,"Susana",1132
23,"Antonio",1120
24,"Ruben Dario",1100
25,"Graciela",1096
26,"Valentin",1082
27,"Gabriel Alejandro",1080
28,"Ana Maria",1065
29,"Florencia Belen",1034
30,"Jose Alberto",1026
31,"Eduardo",1020
32,"Juan Eduardo",1014
33,"Juan Marcelo",970
34,"Oscar",961
35,"Maximiliano Ezequiel",950
36,"Sandra Noemi",947
37,"Norma Beatriz",846
38,"Jose Ignacio",815
39,"Milo",786
40,"Juan Ramon",783
41,"Alejandro",755
42,"Gaston",738
43,"Luis Miguel",730
44,"Virginia",728
45,"Ricardo Alberto",720
46,"Tomas Agustin",719
47,"Milagros",704
48,"Juan Antonio",700
49,"Ana Belen",688
50,"Genaro",688
51,"Ana",673
52,"Elena",664
53,"Juan Domingo",663
54,"Carlos Daniel",661
55,"Delfina",651
56,"Franco Ezequiel",631
57,"Daniel",622
58,"Yamila Belen",612
59,"Morena",608
60,"Veronica Andrea",605
61,"Pablo Nicolas",595
62,"Luciana",587
63,"Matias Nahuel",586
64,"Micaela Alejandra",571
65,"Maria Alicia",569
66,"Alfredo",565
67,"Marta Beatriz",549
68,"Yanina Soledad",549
69,"Jonathan Gabriel",545
70,"Liliana Noemi",544
71,"Lara",537
72,"Miguel Alberto",529
73,"Cristian Javier",523
74,"Luciano",523
75,"Jorge Alejandro",519
76,"Maria del Rosario",513
77,"Claudia Andrea",510
78,"Paula Andrea",506
79,"Cristian Daniel",503
80,"Maria Valentina",501
81,"Nahuel",494
82,"Clara",492
83,"Isabel",492
84,"Lucas Nahuel",490
85,"Cristian Alejandro",489
86,"Ricardo Daniel",487
87,"Carlos Javier",486
88,"Emanuel Alejandro",480
89,"Tamara Belen",477
90,"Mario Andres",465
91,"Daniela Alejandra",462
92,"Hector Fabian",459
93,"Jose Manuel",458
94,"Laura Beatriz",458
95,"Mirta Beatriz",450
96,"Lucas Agustín",444
97,"Agustin Alejandro",443
98,"Claudio",443
99,"Julio",442
100,"Marisol",438
101,"Lucila",433
102,"Nestor Javier",430
103,"Carlos Oscar",429
104,"Lourdes",429
105,"Marcos Ezequiel",429
106,"Thiago Agustin",428
107,"Luis",427
108,"Mariana Andrea",427
109,"Carlos Fabián",426
110,"Gonzalo Agustín",418
111,"Laura",411
112,"Esteban",409
113,"Santiago Ezequiel",409
114,"Laura Alejandra",406
115,"EZEQUIEL",402
116,"Francisca",401
117,"Claudia",398
118,"Oscar Alejandro",398
119,"Ramon Antonio",397
120,"Rodrigo Ezequiel",387
121,"Andrea Fabiana",382
122,"Angela",380
123,"Hector",380
124,"Paola Elizabeth",379
125,"Jose Oscar",376
126,"Damián Ezequiel",375
127,"Juan Manuel",375
128,"Patricia Noemi",375
129,"Santiago Nahuel",367
130,"Gladys Mabel",365
131,"Gustavo Gabriel",364
132,"Juan Francisco",363
133,"Monica Susana",361
134,"Silvia Soledad",356
135,"Beatriz",353
136,"Olga",349
137,"Carlos Eduardo",346
138,"Graciela Susana",345
139,"Gustavo Alejandro",344
140,"Sergio Dario",344
141,"Rocio Celeste",340
142,"Julian",338
143,"Benjamin",333
144,"Elvira",328
145,"Monica Andrea",328
146,"Nicolas Matias",326
147,"Carlos Martin",325
148,"Walter Adrian",325
149,"Silvia Elena",323
150,"Jorge Nicolas",321
151,"Stefano",321
152,"Santiago Ariel",317
153,"Lucas Damian",316
154,"Maria de las Mercedes",316
155,"Veronica Gabriela",313
156,"Vicente",311
157,"Patricia Liliana",309
158,"Daniel Omar",308
159,"Maria del Carmen",308
160,"Silvina Andrea",305
161,"Adriana Elizabeth",304
162,"Eliana",303
163,"Leandro",301
164,"Nelida Beatriz",300
165,"Pablo Marcelo",300
166,"Eliana Soledad",299
167,"Luciano Martin",299
168,"Alcides",298
169,"Candela Agustina",298
170,"Luisa",297
171,"Veronica Natalia",295
172,"Cristian Adrian",294
173,"Carlos Omar",293
174,"Dora Beatriz",293
175,"Cristian David",292
176,"Florencia Magali",289
177,"Fabian Alejandro",286
178,"Nahuel Ezequiel",286
179,"Alejandro Sebastian",285
180,"Sonia",285
181,"Yesica Romina",284
182,"Juan Jose",283
183,"Rosa Isabel",283
184,"Maria Julieta",282
185,"Rosa",281
186,"Cristian Fabian",280
187,"Raul",280
188,"Jose Eduardo",279
189,"Maria Claudia",279
190,"Pedro",279
191,"Antonia",278
192,"Jose Gabriel",278
193,"Nancy Beatriz",278
194,"Maria Lourdes",276
195,"Marcos Sebastian",275
196,"Emanuel",273
197,"Lidia Esther",273
198,"Alejandro Javier",272
199,"Diego Emanuel",269
200,"Claudia Edith",268
201,"Maite",268
202,"Elias",267
203,"Juan Angel",267
204,"Milagros Soledad",267
205,"Hector Omar",265
206,"Oriana",265
207,"Sebastian Ariel",265
208,"Blanca Azucena",264
209,"Claudia Graciela",264
210,"Maria Silvia",262
211,"Silvia Monica",262
212,"Agustina Ayelén",261
213,"Jonathan David",261
214,"Carlos Emanuel",260
215,"Patricia",260
216,"Luciano Andres",259
217,"Jose Javier",258
218,"Luana",258
219,"Lucas Sebastian",258
220,"Sergio Eduardo",258
221,"Delia",257
222,"Claudio Gabriel",254
223,"Florencia",254
224,"Hugo Marcelo",254
225,"Lautaro Gabriel",253
226,"Marcelo Gabriel",252
227,"Sandra Elizabeth",251
228,"Jorge Rafael",250
229,"Miguel Alejandro",250
230,"Miriam Beatriz",249
231,"Bernardo",248
232,"Micaela Estefania",248
233,"Ricardo Andres",247
234,"Daniel Horacio",246
235,"Martina",245
236,"Romina Elizabeth",244
237,"Eva",243
238,"Franco Martin",243
239,"Gabriela Noemi",243
240,"Ramiro",243
241,"Carolina Beatriz",242
242,"Maria Constanza",242
243,"Romina Belén",242
244,"Guillermo Antonio",241
245,"Hector Luis",241
246,"Omar",241
247,"Valeria Soledad",241
248,"Celia",240
249,"Tiziano Benjamin",239
250,"Jorge Antonio",238
251,"Leonardo David",237
252,"Patricio",237
253,"Andres",236
254,"SANTIAGO ARIEL",236
255,"Miguel Antonio",233
256,"Andrea Daniela",232
257,"Franco",232
258,"Norma del Valle",232
259,"Jorge Andres",230
260,"Jorge Omar",230
261,"María",230
262,"SANTIAGO DAVID",230
263,"Carlos Alejandro",229
264,"Monica Adriana",229
265,"Gustavo Andres",228
266,"Raúl Eduardo",228
267,"Victor",228
268,"Andres Eduardo",227
269,"Eduardo Alejandro",226
270,"Gianluca",224
271,"Gustavo Fabian",223
272,"Roberto Alejandro",222
273,"Mario Jose",221
274,"Andrea Cecilia",220
275,"Claudia Patricia",220
276,"Maria Victoria",219
277,"Diego Sebastian",218
278,"Mariana",218
279,"Martin",218
280,"Rosalia",218
281,"Carlos Alfredo",217
282,"Claudia Mariela",217
283,"Ines",217
284,"Jose Francisco",217
285,"Sebastian",216
286,"Daniel Enrique",215
287,"Adriana Soledad",213
288,"Araceli",213
289,"Silvia Roxana",212
290,"Ana Karina",211
291,"Gabriel Adrian",210
292,"Roberto Antonio",210
293,"Guillermina",209
294,"Daniel Alberto",207
295,"Cecilia Andrea",206
296,"Claudia Cristina",206
297,"Gonzalo Matias",206
298,"Guillermo Andres",206
299,"Ramon Eduardo",206
300,"Diego Armando",205
301,"Horacio Javier",205
302,"Ignacio Agustín",205
303,"Amado",204
304,"Mauricio",204
305,"Aldana Belén",203
306,"Cristian Jose",203
307,"Patricia Adriana",203
308,"Sebastian Ezequiel",203
309,"Ramón Oscar",201
310,"Daniel Alfredo",200
311,"Felipe",200
312,"Rodrigo Nicolás",198
313,"Alicia Esther",197
314,"Franco Tomas",197
315,"Sergio",197
316,"Andrea Laura",196
317,"Cesar Alberto",196
318,"Liliana Esther",195
319,"Mauro Sebastian",195
320,"Silvana",195
321,"Cristian Nicolas",194
322,"Maria Dolores",194
323,"Marta Ines",194
324,"Roxana Elizabeth",194
325,"Juan Esteban",193
326,"Mirta Mabel",193
327,"Maria Ana",192
328,"Maria Noelia",192
329,"Maria Catalina",190
330,"Norma Alicia",189
331,"Facundo Martin",188
332,"Mariela Fernanda",188
333,"Valentina Soledad",188
334,"Maria Macarena",187
335,"Jorge Enrique",186
336,"Alberto Daniel",183
337,"Maria Julia",183
338,"Martin Hernan",183
339,"Abigail",182
340,"Alicia Mabel",182
341,"Florencia Anahi",181
342,"Francesca",181
343,"Gabriela Andrea",181
344,"Norma Haydeé",180
345,"Raul Antonio",180
346,"Sergio Adrian",180
347,"Leandro Ariel",179
348,"Brisa Ayelen",178
349,"Facundo Gabriel",178
350,"Francisco Javier",178
351,"Luis Enrique",178
352,"Sandra Gabriela",178
353,"Juan Fernando",177
354,"Andrea Noemi",175
355,"Fernando Nicolas",175
356,"Blanca Rosa",174
357,"Camila Sol",174
358,"Carina Vanesa",174
359,"Gustavo Hernan",174
360,"Víctor Alejandro",174
361,"Eduardo Ariel",173
362,"Ivana Daniela",173
363,"Veronica Beatriz",173
364,"Eduardo Francisco",172
365,"Jorge Ricardo",172
366,"Leonel Alejandro",172
367,"Alexis Leonel",171
368,"Estela Maria",171
369,"Fernando Matias",171
370,"Florencia Abigail",171
371,"Walter Javier",171
372,"Osvaldo",170
373,"Eduardo Antonio",169
374,"Gladys",169
375,"Graciela Cristina",169
376,"Hector Orlando",169
377,"Silvana Noemi",169
378,"Trinidad",169
379,"Juan Miguel",168
380,"Mateo Valentin",168
381,"Cecilia",167
382,"Raul Alejandro",167
383,"Eduardo Javier",166
384,"Milagros Ayelen",166
385,"Tomas Valentin",166
386,"Alberto Javier",164
387,"Braian Alexis",164
388,"Claudio Gustavo",164
389,"Rodrigo Gabriel",164
390,"Samuel",164
391,"Jorge Gabriel",163
392,"Jose Raul",163
393,"Alejandra Fabiana",162
394,"Cristian Emanuel",162
395,"Diego Dario",162
396,"Gregoria",162
397,"José Fernando",162
398,"Marta Noemi",162
399,"Maximiliano Alejandro",162
400,"Paola",162
401,"Beatriz Susana",161
402,"Carina Andrea",161
403,"Julian Alejandro",161
404,"Hector Horacio",160
405,"Maria Margarita",160
406,"Ruben Ariel",160
407,"Ismael",159
408,"Lucas Santiago",159
409,"Ramon Oscar",159
410,"Brenda Anahi",158
411,"Eduardo Ezequiel",158
412,"Eva Maria",158
413,"Fernando Ruben",158
414,"Luciana Soledad",158
415,"Andrea Alejandra",157
416,"Andres Alejandro",157
417,"Braian Gabriel",157
418,"Gabriel Gustavo",157
419,"Maximiliano Nahuel",157
420,"Alejandro Jorge",156
421,"Leonardo Fabian",156
422,"Marcelo Andres",156
423,"Mario Oscar",156
424,"Nicolas Ivan",156
425,"Viviana Soledad",156
426,"Jose Marcelo",155
427,"Adriana",154
428,"Ambar Jazmin",154
429,"Olga Rosa",154
430,"Eugenia",153
431,"Florencia Agustina",153
432,"German Gabriel",153
433,"Juan Alejandro",153
434,"Rocio Ailen",153
435,"Camila Aldana",152
436,"José David",152
437,"Leticia",152
438,"Maximiliano Jose",152
439,"Noelia Romina",152
440,"Raul Eduardo",152
441,"Hector Mario",151
442,"Jorge Raul",151
443,"Vicenta",151
444,"Tomas Nahuel",150
445,"Mario Antonio",149
446,"Ricardo Antonio",149
447,"Roberto Luis",149
448,"Gustavo Omar",148
449,"Gustavo Raul",148
450,"Rosa Esther",148
451,"Sabrina Micaela",148
452,"Susana Noemi",148
453,"Dario Gabriel",147
454,"Ernesto",147
455,"Sonia Beatriz",147
456,"Analia",146
457,"Cristian Ivan",146
458,"Fabiana Marcela",146
459,"Hector Alejandro",146
460,"Nicolas Adrian",146
461,"Norma Alejandra",146
462,"Pablo Alejandro",146
463,"Paulina",146
464,"Cristian Gaston",145
465,"Daniel Ricardo",145
466,"Facundo Damian",145
467,"Hector Ricardo",145
468,"Oscar Eduardo",145
469,"Carolina Alejandra",144
470,"Facundo Javier",144
471,"Justina",144
472,"Lucas Daniel",144
473,"Roxana Andrea",144
474,"Santino Bautista",144
475,"Carolina Ines",143
476,"Marcelo Horacio",143
477,"Miriam Graciela",143
478,"Norberto Jose",143
479,"Reinaldo",143
480,"Silvia Ester",143
481,"Vanesa",143
482,"Cecilia Noemi",142
483,"Gustavo Ariel",142
484,"Jorge Anibal",142
485,"Alejandro Gustavo",141
486,"Alma Lucia",141
487,"Gustavo Alfredo",141
488,"Lidia Mabel",141
489,"Santiago Alejandro",141
490,"Teresa del Carmen",141
491,"Ana Gabriela",140
492,"Claudia Adriana",140
493,"Jorge Manuel",140
494,"Juan Maria",140
495,"Marcos",140
496,"Maria Candelaria",140
497,"Mercedes del Carmen",140
498,"Natalia Ayelen",140
499,"Oscar Alfredo",140
500,"Daiana Ayelen",139
501,"Gustavo Emanuel",139
502,"Mariano Daniel",139
503,"Ricardo Gabriel",139
504,"Aldo Javier",138
505,"Arminda",138
506,"Ludmila Aylen",138
507,"Maria Pia",138
508,"Elian",137
509,"Liliana Soledad",137
510,"Patricia Viviana",137
511,"Carlos Luis",136
512,"Cecilia Lorena",136
513,"Estela",136
514,"Irene",136
515,"Vidal",136
516,"Claudia Karina",135
517,"Claudio Alberto",135
518,"Debora Vanesa",135
519,"Fernando Ezequiel",135
520,"Nestor Hugo",135
521,"Agustin Daniel",134
522,"Eduardo Ramon",134
523,"Gonzalo Sebastian",134
524,"Jose Angel",134
525,"Nicolas Gabriel",134
526,"Andrea Veronica",133
527,"Daniel Hugo",133
528,"Facundo Sebastian",133
529,"Joaquin Emanuel",133
530,"Ricardo David",133
531,"Sofia Antonella",133
532,"Tobias Nicolas",133
533,"Fernando Gabriel",132
534,"Karina Andrea",132
535,"Marta Beatríz",132
536,"Jhonny",131
537,"Joel Agustin",131
538,"Mariano David",131
539,"Mariano Martin",131
540,"Miriam Raquel",131
541,"Mirta Ines",131
542,"Yanina Andrea",131
543,"Amelia",130
544,"Angel Emanuel",130
545,"Javier Enrique",130
546,"Marcela Viviana",130
547,"Santiago Andrés",130
548,"Sebastian Dario",130
549,"Hector Anibal",129
550,"Hector Raul",129
551,"Jorge Matias",129
552,"Luz Camila",129
553,"Viviana Elizabeth",129
554,"Walter Martin",129
555,"Pamela Alejandra",128
556,"Rodrigo Agustín",128
557,"Claudio Antonio",127
558,"Javier Alejandro",127
559,"Martin Ezequiel",127
560,"Nazareno",127
561,"Sergio Sebastian",127
562,"Florencia Rocio",126
563,"Gabriel Fernando",126
564,"Maximiliano Hernan",126
565,"Monica Viviana",126
566,"Rolando",126
567,"Armando",125
568,"Cristina Mabel",125
569,"Lautaro Joel",125
570,"Martin Alberto",125
571,"Olga Ester",125
572,"Oscar Armando",125
573,"Carolina Veronica",124
574,"Gisela Romina",124
575,"Gladys Edith",124
576,"Jorge Hector",124
577,"Luis Ernesto",124
578,"Alejandra Lorena",123
579,"Gabriela Rosana",123
580,"Luciano Martín",123
581,"Nahuel Maximiliano",123
582,"Oscar Roberto",123
583,"Ricardo Hugo",123
584,"Rosa del Valle",123
585,"Carlos Hugo",122
586,"Carmen Beatriz",122
587,"Gonzalo Ivan",122
588,"Ian Nicolas",122
589,"Jesus",122
590,"Juan Emilio",122
591,"Thiago Tomas",122
592,"Clemente",121
593,"Eduardo Andrés",121
594,"Laura Cristina",121
595,"Lucas José",121
596,"Nilda Noemi",121
597,"Rosana Noemi",121
598,"Silvia Maria",121
599,"Antonella Soledad",120
600,"Carla Elizabeth",120
601,"Fabian",120
602,"Federico Emanuel",120
603,"Fernando David",120
604,"Fernando Gaston",120
605,"Florencio",120
606,"Ariel Alejandro",119
607,"Barbara Soledad",119
608,"Federico Gabriel",119
609,"Gisela",119
610,"Jorge Agustin",119
611,"Jose Ernesto",119
612,"Juan Agustin",119
613,"Mario Enrique",119
614,"Martina Soledad",119
615,"Rodolfo Luis",119
616,"Francisco Luis",118
617,"Marcos Daniel",118
618,"Maria Emilia",118
619,"Sergio Fernando",118
620,"Teodoro",118
621,"Daniela Noemi",117
622,"Gustavo Luis",117
623,"Matias Hernan",117
624,"Mia Delfina",117
625,"Natalia Lorena",117
626,"Paula Soledad",117
627,"Irma Nelida",116
628,"Luis Armando",116
629,"Pablo Emmanuel",116
630,"Ana Mabel",115
631,"Cintia Noemi",115
632,"Enrique Alberto",115
633,"Kiara Ailin",115
634,"Ana Elizabeth",114
635,"Felisa",114
636,"Gabriel Alberto",114
637,"Jorge Pablo",114
638,"Liliana Del Valle",114
639,"Natalia Yanina",114
640,"Noemi",114
641,"Olga Teresa",114
642,"Sabrina Alejandra",114
643,"Alexander",113
644,"Brian Damian",113
645,"Celeste Soledad",113
646,"Cintia Daiana",113
647,"Faustina",113
648,"Leandro Maximiliano",113
649,"Lourdes Antonella",113
650,"Maria Susana",113
651,"Patricia Carolina",113
652,"Romina Noelia",113
653,"Victor Alfredo",113
654,"Camila Celeste",112
655,"Gabriel Maximiliano",112
656,"Maria Isabel",112
657,"Nelida Isabel",112
658,"Roberto Enrique",112
659,"Rosana Alejandra",112
660,"Silvina Laura",112
661,"Adrian Marcelo",111
662,"Mariano Gabriel",111
663,"Marisa Andrea",111
664,"Micaela Elizabeth",111
665,"Oscar Fabian",111
666,"Adrian Oscar",110
667,"Aldo",110
668,"Carlos Humberto",110
669,"Clara Beatriz",110
670,"Claudia Ester",110
671,"Gonzalo Agustin",110
672,"Leonel Nicolas",110
673,"Martin Antonio",110
674,"Natalia Ines",110
675,"Santiago Jose",110
676,"Claudio Cesar",109
677,"Estela Mabel",109
678,"Ludmila Anahi",109
679,"Marcelo Jose",109
680,"Matias Gonzalo",109
681,"Rafaela",109
682,"Sergio Esteban",109
683,"Angel Ezequiel",108
684,"Baltazar",108
685,"Claudia Noemi",108
686,"Diana Carolina",108
687,"Diego Alfredo",108
688,"Irma Ester",108
689,"Alan Daniel",107
690,"Amanda",107
691,"Cesar Andres",107
692,"Haydee",107
693,"Jose Mario",107
694,"Karen Agustina",107
695,"Magdalena",107
696,"Marianela Soledad",107
697,"Nancy Liliana",107
698,"Roberto Omar",107
699,"Ruth Noemí",107
700,"Veronica Marcela",107
701,"Alicia Raquel",106
702,"Anahi Soledad",106
703,"Analia Noemi",106
704,"Elias Nahuel",106
705,"Fernando Emanuel",106
706,"Jorge Humberto",106
707,"Lucrecia Soledad",106
708,"Maria Luz",106
709,"Mario Angel",106
710,"Rosa Ramona",106
711,"Yésica Vanesa",106
712,"Carlos Arturo",105
713,"German Dario",105
714,"Iván Dario",105
715,"Maria Viviana",105
716,"Marina Alejandra",105
717,"Marta Liliana",105
718,"Orlando Javier",105
719,"Rosana Isabel",105
720,"Elisa Noemi",104
721,"Elsa Graciela",104
722,"Matias Andres",104
723,"Rodrigo Daniel",104
724,"Walter Hernan",104
725,"Angel Daniel",103
726,"Carlos Esteban",103
727,"Carlos Mario",103
728,"Cesar David",103
729,"Eduardo Enrique",103
730,"Jorgelina",103
731,"José Dario",103
732,"Leonardo Gabriel",103
733,"Manuel Alberto",103
734,"Patricia Monica",103
735,"Veronica Belen",103
736,"Domingo Alberto",102
737,"Elizabeth del Valle",102
738,"Hugo Gabriel",102
739,"Raul Daniel",102
740,"Ricardo Horacio",102
741,"Agustina Alejandra",101
742,"Carlos Manuel",101
743,"Franco Luis",101
744,"Hugo Antonio",101
745,"Maria Elisa",101
746,"Rocio Mariel",101
747,"Sergio Daniel",101
748,"Valeria Edith",101
749,"Victor Luis",101
